{"cameraMode":{"drawMode":0,"name":"Shaded","section":"Shading Mode"},"sceneLighting":false,"audioPlay":false,"sceneViewState":{"m_AlwaysRefresh":false,"showFog":true,"showSkybox":false,"showFlares":true,"showImageEffects":true,"showParticleSystems":true,"showVisualEffectGraphs":true,"m_FxEnabled":true},"in2DMode":false,"pivot":{"x":0.18809998035430909,"y":0.970569372177124,"z":-0.02100050449371338},"rotation":{"x":-0.07045256346464157,"y":0.7750040292739868,"z":-0.08779899030923844,"w":-0.6218587756156921},"size":1.3464689254760743,"orthographic":false}