{"cameraMode":{"drawMode":0,"name":"Shaded","section":"Shading Mode"},"sceneLighting":false,"audioPlay":false,"sceneViewState":{"m_AlwaysRefresh":false,"showFog":true,"showSkybox":false,"showFlares":true,"showImageEffects":true,"showParticleSystems":true,"showVisualEffectGraphs":true,"m_FxEnabled":true},"in2DMode":false,"pivot":{"x":0.18809998035430909,"y":0.970569372177124,"z":-0.02100050449371338},"rotation":{"x":-0.010675926692783833,"y":0.9887077808380127,"z":-0.08654308319091797,"w":-0.12192601710557938},"size":2.5217089653015138,"orthographic":false}